"ID","File no.","File name"
"SP001",125,"20210527150713.csv"
"SP001",126,"20210527150723.csv"
"SP003",92,"20210604151915.csv"
"SP003",93,"20210604151925.csv"
"SP003",171,"20210604153225.csv"
"SP003",172,"20210604153235.csv"
"SP003",247,"20210604154505.csv"
"SP003",329,"20210604155845.csv"
"SP004",123,"20210610160126.csv"
"SP004",124,"20210610160136.csv"
"SP004",215,"20210610161646.csv"
"SP005",145,"20210611095628.csv"
"SP005",146,"20210611095638.csv"
"SP005",171,"20210611100048.csv"
"SP005",172,"20210611100058.csv"
"SP005",194,"20210611100438.csv"
"SP005",195,"20210611100448.csv"
"SP005",200,"20210611100538.csv"
"SP005",278,"20210611101838.csv"
"SP005",342,"20210611102918.csv"
"SP006",84,"20210611115214.csv"
"SP006",85,"20210611115224.csv"
"SP006",176,"20210611120734.csv"
"SP006",177,"20210611120744.csv"
"SP006",227,"20210611121604.csv"
"SP006",284,"20210611122534.csv"
"SP008",83,"20210611175414.csv"
"SP008",84,"20210611175424.csv"
"SP008",209,"20210611181514.csv"
"SP009",85,"20210617091759.csv"
"SP009",86,"20210617091809.csv"
"SP009",228,"20210617094149.csv"
"SP009",229,"20210617094159.csv"
"SP009",236,"20210617094309.csv"
"SP010",84,"20210617114538.csv"
"SP010",85,"20210617114548.csv"
"SP010",191,"20210617120328.csv"
"SP010",192,"20210617120338.csv"
"SP010",201,"20210617120508.csv"
"SP010",208,"20210617120618.csv"
"SP011",85,"20210617141801.csv"
"SP011",86,"20210617141811.csv"
"SP011",239,"20210617144341.csv"
"SP011",298,"20210617145331.csv"
"SP012",128,"20210618110511.csv"
"SP012",129,"20210618110521.csv"
"SP012",210,"20210618111851.csv"
"SP012",211,"20210618111901.csv"
"SP012",227,"20210618112141.csv"
"SP012",228,"20210618112151.csv"
"SP012",373,"20210618114601.csv"
"SP013",148,"20210618132523.csv"
"SP013",149,"20210618132533.csv"
"SP013",222,"20210618133743.csv"
"SP013",223,"20210618133753.csv"
"SP013",283,"20210618134753.csv"
"SP014",106,"20210618160416.csv"
"SP014",107,"20210618160426.csv"
"SP014",252,"20210618162836.csv"
"SP015",109,"20210621135520.csv"
"SP015",110,"20210621135530.csv"
"SP015",129,"20210621135840.csv"
"SP015",210,"20210621141210.csv"
"SP017",107,"20210621170532.csv"
"SP017",108,"20210621170542.csv"
"SP018",147,"20210622175608.csv"
"SP018",148,"20210622175618.csv"
"SP018",307,"20210622182248.csv"
"SP018",308,"20210622182258.csv"
"SP018",313,"20210622182348.csv"
"SP020",110,"20210624122356.csv"
"SP020",130,"20210624122716.csv"
"SP020",131,"20210624122726.csv"
"SP020",253,"20210624124746.csv"
"SP020",254,"20210624124756.csv"
"SP021",104,"20210624144623.csv"
"SP021",144,"20210624145303.csv"
"SP021",145,"20210624145313.csv"
"SP022",116,"20210625104752.csv"
"SP022",117,"20210625104802.csv"
"SP022",136,"20210625105112.csv"
"SP022",256,"20210625111112.csv"
"SP022",257,"20210625111122.csv"
"SP024",148,"20210625161248.csv"
"SP024",149,"20210625161258.csv"
"SP024",249,"20210625162938.csv"
"SP024",250,"20210625162948.csv"
"SP024",318,"20210625164108.csv"
"SP025",130,"20210629162734.csv"
"SP025",131,"20210629162744.csv"
"SP025",169,"20210629163404.csv"
"SP026",104,"20210630164855.csv"
"SP026",105,"20210630164905.csv"
"SP027",86,"20210630185048.csv"
"SP027",106,"20210630185408.csv"
"SP027",107,"20210630185418.csv"
"SP028",128,"20210702123057.csv"
"SP028",129,"20210702123107.csv"
"SP029",145,"20210702151521.csv"
"SP029",146,"20210702151531.csv"
"SP029",226,"20210702152851.csv"
"SP029",227,"20210702152901.csv"
"SP030",132,"20210705090511.csv"
"SP031",141,"20210708090351.csv"
"SP031",142,"20210708090401.csv"
"SP032",90,"20210708105240.csv"
"SP032",91,"20210708105250.csv"
"SP032",221,"20210708111430.csv"
"SP032",222,"20210708111440.csv"
"SP033",87,"20210709134626.csv"
"SP033",88,"20210709134636.csv"
"SP033",160,"20210709135836.csv"
"SP033",234,"20210709141056.csv"
"SP033",235,"20210709141106.csv"
"SP033",331,"20210709142706.csv"
"SP033",332,"20210709142716.csv"
"SP034",93,"20210712112253.csv"
"SP034",94,"20210712112303.csv"
"SP034",163,"20210712113433.csv"
"SP034",164,"20210712113443.csv"
"SP034",276,"20210712115323.csv"
"SP037",94,"20210716180858.csv"
"SP037",95,"20210716180908.csv"
"SP037",161,"20210716182008.csv"
"SP037",163,"20210716182028.csv"
"SP037",164,"20210716182038.csv"
"SP037",248,"20210716183438.csv"
"SP038",107,"20210721164854.csv"
"SP038",127,"20210721165214.csv"
"SP038",128,"20210721165224.csv"
"SP038",158,"20210721165724.csv"
"SP038",236,"20210721171024.csv"
"SP038",240,"20210721171104.csv"
"SP038",241,"20210721171114.csv"
"SP038",242,"20210721171124.csv"
"SP038",301,"20210721172114.csv"
"SP039",147,"20210722145254.csv"
"SP039",148,"20210722145304.csv"
"SP039",233,"20210722150714.csv"
"SP039",234,"20210722150724.csv"
"SP041",108,"20210728164841.csv"
"SP041",109,"20210728164851.csv"
"SP041",161,"20210728165731.csv"
"SP041",232,"20210728170921.csv"
"SP041",234,"20210728170941.csv"
"SP041",235,"20210728170951.csv"
"SP043",145,"20210804110018.csv"
"SP043",146,"20210804110028.csv"
"SP043",158,"20210804110228.csv"
"SP043",232,"20210804111448.csv"
"SP044",124,"20210804124932.csv"
"SP044",125,"20210804124942.csv"
"SP046",172,"20210812152838.csv"
"SP046",173,"20210812152848.csv"
"SP046",276,"20210812154558.csv"
"SP046",277,"20210812154608.csv"
"SP046",310,"20210812155138.csv"
"SP047",105,"20210813144231.csv"
"SP047",106,"20210813144241.csv"
"SP047",159,"20210813145131.csv"
"SP047",224,"20210813150221.csv"
"SP047",225,"20210813150231.csv"
"SP048",122,"20210818172444.csv"
"SP048",123,"20210818172454.csv"
"SP048",162,"20210818173124.csv"
"SP048",292,"20210818175304.csv"
"SP048",293,"20210818175314.csv"
"SP049",146,"20210819152114.csv"
"SP049",147,"20210819152124.csv"
"SP049",245,"20210819153744.csv"
"SP049",246,"20210819153754.csv"
"SP050",133,"20210819170954.csv"
"SP050",134,"20210819171004.csv"
"SP050",246,"20210819172844.csv"
"SP053",125,"20210827145118.csv"
"SP053",126,"20210827145128.csv"
"SP053",236,"20210827150948.csv"
"SP053",237,"20210827150958.csv"
"SP053",244,"20210827151108.csv"
"SP053",292,"20210827151908.csv"
"SP053",298,"20210827152008.csv"
"SP054",147,"20210903110412.csv"
"SP054",148,"20210903110422.csv"
"SP054",238,"20210903111922.csv"
"SP054",278,"20210903112602.csv"
"SP054",344,"20210903113702.csv"
"SP055",127,"20210909105159.csv"
"SP055",128,"20210909105209.csv"
"SP055",162,"20210909105749.csv"
"SP055",229,"20210909110859.csv"
"SP055",231,"20210909110919.csv"
"SP055",232,"20210909110929.csv"
"SP055",272,"20210909111609.csv"
"SP056",150,"20210910112426.csv"
"SP056",151,"20210910112436.csv"
"SP056",249,"20210910114056.csv"
"SP056",250,"20210910114106.csv"
"SP056",349,"20210910115736.csv"
"SP056",350,"20210910115746.csv"
"SP057",162,"20210916135300.csv"
"SP057",163,"20210916135310.csv"
"SP057",232,"20210916140440.csv"
"SP057",311,"20210916141750.csv"
"SP057",312,"20210916141800.csv"
"SP057",331,"20210916142110.csv"
"SP059",90,"20210917145019.csv"
"SP059",91,"20210917145029.csv"
"SP059",252,"20210917151719.csv"
"SP059",260,"20210917151839.csv"
"SP059",270,"20210917152019.csv"
"SP059",273,"20210917152049.csv"
"SP063",96,"20210930095452.csv"
"SP063",97,"20210930095502.csv"
"SP063",283,"20210930102602.csv"
"SP063",284,"20210930102612.csv"
"SP063",323,"20210930103242.csv"
"SP063",325,"20210930103302.csv"
"SP063",331,"20210930103402.csv"
"SP064",131,"20211001153450.csv"
"SP064",132,"20211001153500.csv"
"SP064",241,"20211001155310.csv"
"SP064",250,"20211001155440.csv"
"SP064",263,"20211001155650.csv"
"SP065",147,"20211006144636.csv"
"SP065",148,"20211006144646.csv"
"SP065",159,"20211006144836.csv"
"SP065",241,"20211006150216.csv"
"SP065",242,"20211006150226.csv"
"SP066",106,"20211008134136.csv"
"SP066",107,"20211008134146.csv"
"SP066",248,"20211008140516.csv"
"SP066",250,"20211008140536.csv"
"SP066",251,"20211008140546.csv"
"SP066",289,"20211008141206.csv"
"SP067",106,"20211014154816.csv"
"SP067",107,"20211014154826.csv"
"SP067",237,"20211014161006.csv"
"SP067",238,"20211014161016.csv"
"SP067",244,"20211014161116.csv"
"SP067",264,"20211014161436.csv"
"SP067",267,"20211014161506.csv"
"SP067",291,"20211014161906.csv"
"SP068",169,"20211021160225.csv"
"SP068",273,"20211021161945.csv"
"SP068",274,"20211021161955.csv"
"SP068",282,"20211021162115.csv"
"SP068",314,"20211021162635.csv"
"SP068",315,"20211021162645.csv"
"SP070",125,"20211028135318.csv"
"SP070",126,"20211028135328.csv"
"SP070",157,"20211028135838.csv"
"SP070",158,"20211028135848.csv"
"SP070",236,"20211028141148.csv"
"SP070",237,"20211028141158.csv"
"SP070",265,"20211028141638.csv"
"SP070",271,"20211028141738.csv"
"SP070",276,"20211028141828.csv"
"SP070",283,"20211028141938.csv"
"SP071",108,"20211029114614.csv"
"SP071",148,"20211029115254.csv"
"SP071",149,"20211029115304.csv"
"SP071",225,"20211029120544.csv"
"SP071",287,"20211029121604.csv"
"SP071",288,"20211029121614.csv"
"SP071",326,"20211029122234.csv"
"SP072",107,"20211104115016.csv"
"SP072",108,"20211104115026.csv"
"SP072",302,"20211104122246.csv"
"SP072",303,"20211104122256.csv"
"SP074",146,"20211129145024.csv"
"SP074",147,"20211129145034.csv"
"SP074",318,"20211129151904.csv"
"SP076",130,"20211203115614.csv"
"SP076",131,"20211203115624.csv"
"SP076",263,"20211203121824.csv"
"SP076",264,"20211203121834.csv"
"SP076",306,"20211203122534.csv"
"SP077",106,"20211217114204.csv"
"SP077",107,"20211217114214.csv"
"SP080",108,"20220117144641.csv"
"SP080",109,"20220117144651.csv"
"SP080",158,"20220117145501.csv"
"SP080",159,"20220117145511.csv"
"SP081",126,"20220124135942.csv"
"SP081",127,"20220124135952.csv"
"SP081",256,"20220124142122.csv"
"SP081",257,"20220124142132.csv"
"SP081",266,"20220124142302.csv"
"SP081",279,"20220124142512.csv"
"SP081",282,"20220124142542.csv"
"SP081",285,"20220124142612.csv"
"SP081",300,"20220124142842.csv"
"SP082",92,"20220127100026.csv"
"SP082",152,"20220127101026.csv"
"SP082",153,"20220127101036.csv"
"SP083",131,"20220127132030.csv"
"SP083",132,"20220127132040.csv"
"SP084",126,"20220128112959.csv"
"SP084",127,"20220128113009.csv"
"SP085",237,"20220203105608.csv"
"SP085",238,"20220203105618.csv"
"SP087",91,"20220203153625.csv"
"SP087",92,"20220203153635.csv"
"SP087",111,"20220203153945.csv"
"SP089",86,"20220204142435.csv"
"SP089",87,"20220204142445.csv"
"SP089",160,"20220204143655.csv"
"SP089",161,"20220204143705.csv"
"SP090",87,"20220207121740.csv"
"SP090",88,"20220207121750.csv"
"SP090",127,"20220207122420.csv"
"SP090",209,"20220207123800.csv"
"SP090",210,"20220207123810.csv"
"SP090",211,"20220207123820.csv"
"SP090",216,"20220207123910.csv"
"SP090",255,"20220207124540.csv"
"SP090",256,"20220207124550.csv"
"SP090",276,"20220207124910.csv"
"SP090",290,"20220207125130.csv"
"SP091",100,"20220217161119.csv"
"SP091",101,"20220217161129.csv"
"SP092",123,"20220218124826.csv"
"SP092",124,"20220218124836.csv"
"SP092",152,"20220218125316.csv"
"SP092",155,"20220218125346.csv"
"SP092",156,"20220218125356.csv"
"SP092",250,"20220218130936.csv"
"SP092",251,"20220218130946.csv"
"SP093",145,"20220218150104.csv"
"SP093",146,"20220218150114.csv"
"SP093",314,"20220218152914.csv"
"SP093",324,"20220218153054.csv"
"SP093",325,"20220218153104.csv"
"SP095",105,"20220224104533.csv"
"SP095",106,"20220224104543.csv"
"SP095",156,"20220224105403.csv"
"SP095",255,"20220224111033.csv"
"SP095",256,"20220224111043.csv"
"SP095",368,"20220224112923.csv"
"SP095",369,"20220224112933.csv"
"SP096",146,"20220224155300.csv"
"SP096",147,"20220224155310.csv"
"SP096",258,"20220224161140.csv"
"SP096",301,"20220224161850.csv"
"SP096",302,"20220224161900.csv"
"SP097",129,"20220225092058.csv"
"SP097",130,"20220225092108.csv"
"SP097",187,"20220225093038.csv"
"SP097",209,"20220225093418.csv"
"SP097",210,"20220225093428.csv"
"SP097",258,"20220225094228.csv"
"SP097",259,"20220225094238.csv"
"SP097",301,"20220225094938.csv"
"SP098",125,"20220225124636.csv"
"SP098",126,"20220225124646.csv"
"SP098",162,"20220225125246.csv"
"SP098",163,"20220225125256.csv"
"SP098",254,"20220225130806.csv"
"SP098",255,"20220225130816.csv"
"SP098",302,"20220225131606.csv"
"SP100",106,"20220228132106.csv"
"SP100",107,"20220228132116.csv"
"SP100",161,"20220228133016.csv"
"SP100",162,"20220228133026.csv"
"SP100",254,"20220228134546.csv"
"SP100",255,"20220228134556.csv"
"SP100",263,"20220228134716.csv"
"SP100",310,"20220228135506.csv"
"SP101",105,"20220228150954.csv"
"SP101",106,"20220228151004.csv"
"SP101",145,"20220228151634.csv"
"SP101",157,"20220228151834.csv"
"SP101",275,"20220228153814.csv"
"SP101",276,"20220228153824.csv"
"SP101",282,"20220228153924.csv"
"SP101",284,"20220228153944.csv"
"SP101",294,"20220228154124.csv"
"SP101",296,"20220228154144.csv"
"SP101",301,"20220228154234.csv"
"SP101",303,"20220228154254.csv"
"SP101",304,"20220228154304.csv"
"SP101",310,"20220228154404.csv"
"SP101",316,"20220228154504.csv"
"SP101",317,"20220228154514.csv"
"SP108",150,"20220325134627.csv"
"SP108",151,"20220325134637.csv"
"SP108",165,"20220325134857.csv"
"SP108",166,"20220325134907.csv"
"SP108",257,"20220325140417.csv"
"SP108",258,"20220325140427.csv"
"SP108",317,"20220325141417.csv"
"SP109",132,"20220331085001.csv"
"SP109",133,"20220331085011.csv"
"SP110",156,"20220331162243.csv"
"SP110",157,"20220331162253.csv"
"SP111",87,"20220401145008.csv"
"SP111",88,"20220401145018.csv"
"SP111",140,"20220401145858.csv"
"SP111",141,"20220401145908.csv"
"SP111",254,"20220401151758.csv"
"SP112",88,"20220404135551.csv"
"SP112",89,"20220404135601.csv"
"SP112",164,"20220404140831.csv"
"SP112",165,"20220404140841.csv"
"SP112",261,"20220404142441.csv"
"SP112",262,"20220404142451.csv"
"SP112",300,"20220404143111.csv"
"SP112",331,"20220404143621.csv"
"SP113",86,"20220407123827.csv"
"SP113",87,"20220407123837.csv"
